{"count":1,"self":1330.1060608,"total":1383.931177,"children":{"InitializeActuators":{"count":10,"self":0.0015003999999999998,"total":0.0015003999999999998,"children":null},"InitializeSensors":{"count":10,"self":0.0050014,"total":0.0050014,"children":null},"AgentSendState":{"count":103343,"self":6.52764,"total":17.6758693,"children":{"UpdateModelSpacePoses":{"count":206690,"self":2.8843598,"total":2.8843598,"children":null},"UpdateLocalSpacePoses":{"count":206690,"self":2.4287783999999997,"total":2.4287783,"children":null},"CollectObservations":{"count":206690,"self":3.5353603999999996,"total":3.5353605,"children":null},"WriteActionMask":{"count":206690,"self":0.88669959999999992,"total":0.88669959999999992,"children":null},"RequestDecision":{"count":206690,"self":1.4130312,"total":1.4130312,"children":null}}},"DecideAction":{"count":103343,"self":30.245814399999997,"total":30.245813899999998,"children":null},"AgentAct":{"count":103343,"self":5.7795011999999995,"total":5.7795013,"children":null},"UpdateModelSpacePoses":{"count":3860,"self":0.065355799999999992,"total":0.065355799999999992,"children":null},"UpdateLocalSpacePoses":{"count":3860,"self":0.0510821,"total":0.0510821,"children":null}},"gauges":{"Crawler.CumulativeReward":{"count":3860,"max":1318.47607,"min":-2,"runningAverage":45.99312,"value":10.2448044,"weightedAverage":34.5760956}},"metadata":{"timer_format_version":"0.1.0","start_time_seconds":"1636520238","unity_version":"2019.4.31f1","command_line_arguments":"C:\\Program Files\\Unity\\Hub\\Editor\\2019.4.31f1\\Editor\\Unity.exe -projectpath C:\/Users\/nmchenry1\/Documents\/GitHub\/adaptNav -useHub -hubIPC -cloudEnvironment production -hubSessionId 727d3ce0-41e1-11ec-a436-dba36b6ce8c6 -accessToken eWBoXJNHUiQJYMwnwsa-8fwO33X6Bav6PmsAdjKVmGg012f","communication_protocol_version":"1.5.0","com.unity.ml-agents_version":"2.1.0-exp.1","scene_name":"Crawler","end_time_seconds":"1636521622"}}