{"count":1,"self":56.035078399999996,"total":58.8339249,"children":{"InitializeActuators":{"count":10,"self":0.0020007,"total":0.0020007,"children":null},"InitializeSensors":{"count":10,"self":0.0080012,"total":0.0080012,"children":null},"AgentSendState":{"count":4027,"self":0.19752609999999998,"total":0.6685869,"children":{"UpdateModelSpacePoses":{"count":8060,"self":0.1269823,"total":0.1269823,"children":null},"UpdateLocalSpacePoses":{"count":8060,"self":0.082469699999999993,"total":0.082469699999999993,"children":null},"CollectObservations":{"count":8060,"self":0.16661669999999998,"total":0.16661669999999998,"children":null},"WriteActionMask":{"count":8060,"self":0.020026099999999998,"total":0.020026099999999998,"children":null},"RequestDecision":{"count":8060,"self":0.074965999999999991,"total":0.074965999999999991,"children":null}}},"DecideAction":{"count":4027,"self":1.8472131999999999,"total":1.8472133,"children":null},"AgentAct":{"count":4027,"self":0.26602529999999996,"total":0.26602529999999996,"children":null},"UpdateModelSpacePoses":{"count":129,"self":0.0050212,"total":0.0050212,"children":null},"UpdateLocalSpacePoses":{"count":129,"self":0,"total":0,"children":null}},"gauges":{"Crawler.CumulativeReward":{"count":129,"max":769.4028,"min":-1,"runningAverage":52.3268661,"value":-0.9718385,"weightedAverage":52.4738731}},"metadata":{"timer_format_version":"0.1.0","start_time_seconds":"1634178844","unity_version":"2019.4.31f1","command_line_arguments":"C:\\Program Files\\Unity\\Hub\\Editor\\2019.4.31f1\\Editor\\Unity.exe -projectpath C:\/Users\/nmchenry\/Documents\/Github\/adaptNav -useHub -hubIPC -cloudEnvironment production -skipUpgradeDialogs -hubSessionId e43bea00-2c8f-11ec-858e-45ebfe6ca15a","communication_protocol_version":"1.5.0","com.unity.ml-agents_version":"2.1.0-exp.1","scene_name":"Crawler","end_time_seconds":"1634178903"}}