{"count":1,"self":55.697312,"total":57.786529599999994,"children":{"InitializeActuators":{"count":16,"self":0.0019998,"total":0.0019998,"children":null},"InitializeSensors":{"count":16,"self":0.0039996,"total":0.0039996,"children":null},"AgentSendState":{"count":2652,"self":0.2328324,"total":0.32935129999999996,"children":{"CollectObservations":{"count":7072,"self":0.029365299999999997,"total":0.029365299999999997,"children":null},"WriteActionMask":{"count":7072,"self":0.014106899999999999,"total":0.014106899999999999,"children":null},"RequestDecision":{"count":7072,"self":0.053046699999999995,"total":0.053046699999999995,"children":null}}},"DecideAction":{"count":2652,"self":1.5693608,"total":1.5963967,"children":{"RayPerceptionSensor.Perceive":{"count":7072,"self":0.027035899999999998,"total":0.027035899999999998,"children":null}}},"AgentAct":{"count":2652,"self":0.156435,"total":0.156435,"children":null}},"gauges":{"Hallway.CumulativeReward":{"count":221,"max":1.95733654,"min":0.835999846,"runningAverage":0.961026,"value":0.9446668,"weightedAverage":1.09022629}},"metadata":{"timer_format_version":"0.1.0","start_time_seconds":"1634179538","unity_version":"2019.4.31f1","command_line_arguments":"C:\\Program Files\\Unity\\Hub\\Editor\\2019.4.31f1\\Editor\\Unity.exe -projectpath C:\/Users\/nmchenry\/Documents\/Github\/adaptNav -useHub -hubIPC -cloudEnvironment production -skipUpgradeDialogs -hubSessionId e43bea00-2c8f-11ec-858e-45ebfe6ca15a","communication_protocol_version":"1.5.0","com.unity.ml-agents_version":"2.1.0-exp.1","scene_name":"Hallway","end_time_seconds":"1634179595"}}